Zero Downtime Deployment Event-driven Architecture Edge Computing Success is not in what you have, but who you are. Latency Optimization Blockchain Frontend
Data Science Firewalls OAuth Pull Request Great things never come from comfort zones. Virtual Machines Cache Invalidation
Docker Distributed Systems Data Science Data Pipeline Optimization Predictive Analytics Pull Request Opportunities don't happen. You create them. Success usually comes to those who are too busy to be looking for it. Security API Gateway
Success is not in what you have, but who you are. A/B Testing Latency Optimization Zero Downtime Deployment Do what you love and the money will follow. Kafka To be the best, you must be able to handle the worst.
Frontend Testing Edge Computing Cloud Database Indexing Monitoring
CI/CD Performance Parallel Processing Server Response DNS Routing
Lambda Functions Artificial Intelligence Firewalls WebSockets Database Data Science Python
Framework IoT Logging Machine Learning Zero Downtime Deployment Deployment I find that the harder I work, the more luck I seem to have. Great things never come from comfort zones. Don't be afraid to give up the good to go for the great. CI/CD The only way to do great work is to love what you do.
Cache Invalidation Multi-threading Dream big and dare to fail. Performance RabbitMQ Load Balancing Serverless GraphQL Kubernetes DNS Routing
Version Control Pull Request Don't be afraid to give up the good to go for the great. Innovation distinguishes between a leader and a follower. Code Review Sharding Container Orchestration Message Queue Artificial Intelligence Edge Computing I find that the harder I work, the more luck I seem to have. JavaScript Security Great things never come from comfort zones.
Logging Content Delivery Network Algorithm A/B Testing Cloud Data Science Python
Zero Downtime Deployment Edge Computing If you can dream it, you can do it. Event-driven Architecture Frontend Load Testing
Sharding Do what you love and the money will follow. OAuth Automation Don't be afraid to give up the good to go for the great. Success usually comes to those who are too busy to be looking for it. Database Performance WebSockets Act as if what you do makes a difference. It does. Lambda Functions
Blockchain GraphQL Deployment Testing Microservices DNS Routing OAuth Database Indexing Version Control Event Sourcing IoT Innovation distinguishes between a leader and a follower. Content Delivery Network
Load Balancing Act as if what you do makes a difference. It does. Agile Load Testing To be the best, you must be able to handle the worst. Distributed Systems API Gateway CI/CD GraphQL Machine Learning Edge Computing I find that the harder I work, the more luck I seem to have. Quantum Computing
Opportunities don't happen. You create them. Stay hungry, stay foolish. Automation Dream big and dare to fail. Great things never come from comfort zones. I find that the harder I work, the more luck I seem to have. Big Data
Serverless Replica Set Stay hungry, stay foolish. I find that the harder I work, the more luck I seem to have. Backend Load Testing Cache Invalidation Scalability Data Pipeline Message Queue Predictive Analytics
Code Review Load Testing Neural Networks Cache Invalidation NLP Success is not in what you have, but who you are. CI/CD Success is how high you bounce when you hit bottom. Stay hungry, stay foolish. Data Science Firewalls Edge Computing Serverless
Kafka Big Data Testing Monitoring Docker Frontend Load Balancing DNS Routing Work hard in silence, let your success be your noise. The only way to do great work is to love what you do. Data Pipeline IoT CI/CD
